tags,value
tarpits,584
labreatarpits,460
labrea,372
museum,316
pagemuseum,223
fossils,202
bones,181
socal,159
estate,151
realestate,150
real,150
paleontology,149
lacma,146
animals,131
mammoths,130
excavation,124
sabretooth,121
tigers,121
giantgroundsloths,121
gettyhouse,117
mayorantoniovillaraigosa,117
gay,117
lapride,116
losangelesmayor,116
firstever,116
westhollywoodpride,116
lagaypride,116
westhollywoodgaypride,116
losangelespride,116
losangelesgaypride,116
officialresidenceofthemayoroflosangeles,116
lgbt,116
lesbian,116
christopherstreetwest,116
calvinfleming,116
pride,116
gaypride,116
june,116
gardenparty,116
georgecpagemuseum,110
museums,92
midcity,77
house,74
losangelescountymuseumofart,68
iceage,56
pleistocene,56
wilshire,53
hollywood,51
skeletons,50
rancholabrea,50
skulls,49
pit,47
people,46
intersection,44
tar,44
sabretoothtigers,43
sculpture,43
canondigitalrebelxti,42
kitlens,42
clinton,42
olympusem,42
rossmore,42
corner,42
skeleton,38
fossil,37
garden,36
unitedstatesofamerica,35
mammoth,34
treasuresoflosangelesarchitecture,34
hancockparkarchitecture,34
us,33
michaellockephotographer,33
gardentour,33
flickr,33
michaellockerealtor,33
michaellocke,33
parks,33
art,32
miraclemile,28
statue,28
fishbowllab,27
picnik,27
direwolf,25
fish,25
mastodon,24
artmuseum,23
sign,22
pond,22
rancholabreatarpits,22
momma,21
fun,21
iwanttobeanolympusvisionary,21
furnitureshoppinginla,21
thesoulphotographer,21
thekingofcollectablefurniture,21
nickmetropolis,21
olympuscamera,21
southlabreablvd,21
elizabethwilson,21
rebeccadruphotography,21
