tags,value
tarpits,584
labreatarpits,460
labrea,372
museum,316
agcc,290
art,228
pagemuseum,223
socal,221
angelsgateculturalcenter,220
fossils,202
openstudios,194
hollywood,186
bones,181
westlake,173
texture,154
texturemap,152
texturemaps,152
textures,152
estate,151
realestate,150
real,150
paleontology,149
lacma,146
animals,131
mammoths,130
excavation,124
giantgroundsloths,121
tigers,121
sabretooth,121
mayorantoniovillaraigosa,117
gay,117
gettyhouse,117
pride,116
westhollywoodpride,116
firstever,116
westhollywoodgaypride,116
gaypride,116
losangelespride,116
gardenparty,116
lesbian,116
lagaypride,116
christopherstreetwest,116
lgbt,116
june,116
officialresidenceofthemayoroflosangeles,116
lapride,116
calvinfleming,116
losangelesmayor,116
losangelesgaypride,116
georgecpagemuseum,110
lake,93
museums,92
midcity,79
palmtrees,78
happening,77
allankaprow,77
gallerya,75
house,74
angelsgatepark,73
artonthewaterfront,73
ice,72
people,69
fluids,69
sculpture,68
ciclavia,68
architecture,68
losangelescountymuseumofart,68
wilshire,66
fountain,65
hiking,62
runyon,62
iceblocks,61
urban,59
city,58
sanpedro,57
artgallery,57
blocksofice,57
gallery,56
pleistocene,56
iceage,56
building,55
rally,53
blackandwhite,51
buildings,51
rancholabrea,50
skeletons,50
skulls,49
neighborhood,48
wallofice,48
pit,47
sign,46
palms,45
artist,44
portoflosangeles,44
tar,44
intersection,44
sabretoothtigers,43
corner,43
olympusem,42
kitlens,42
